"groupid"," initiationchannel"
"3143","FILEUPLOAD"
"8215","WEB"
"8419","WEB"
"3720","WEB"
"4651","FILEUPLOAD"
"6782","OTHER"
"9747","WEB"
"6797","OTHER"
"6620","FILEUPLOAD"
"2167","WEB"
"4306","WEB"
"8015","OTHER"
"5049","FILEUPLOAD"
"8456","WEB"
"4767","WEB"
"4484","FILEUPLOAD"
"9570","FILEUPLOAD"
"9235","OTHER"
"9554","FILEUPLOAD"
"7984","WEB"
"2087","WEB"
"6093","OTHER"
"4141","FILEUPLOAD"
"5210","WEB"
"6570","OTHER"
"8905","FILEUPLOAD"
"6744","WEB"
"3884","OTHER"
"5565","OTHER"
"1065","FILEUPLOAD"
"3354","OTHER"
"8830","FILEUPLOAD"
"6865","WEB"
"2974","WEB"
"6920","WEB"
"4857","WEB"
"3641","OTHER"
"1999","OTHER"
"5625","OTHER"
"8175","WEB"
"4886","OTHER"
"5202","OTHER"
"3874","OTHER"
"4745","OTHER"
"8604","FILEUPLOAD"
"3925","FILEUPLOAD"
"7922","WEB"
"5138","OTHER"
"1204","FILEUPLOAD"
"2304","WEB"
"1324","FILEUPLOAD"
"9531","WEB"
"9831","WEB"
"8816","OTHER"
"7004","WEB"
"6219","WEB"
"8415","FILEUPLOAD"
"6774","OTHER"
"9844","FILEUPLOAD"
"7853","OTHER"
"1088","FILEUPLOAD"
"1444","OTHER"
"5128","FILEUPLOAD"
"2649","FILEUPLOAD"
"1075","WEB"
"5788","OTHER"
"9132","WEB"
"5948","OTHER"
"7449","WEB"
"4260","WEB"
"4128","WEB"
"3060","WEB"
"5682","FILEUPLOAD"
"3094","WEB"
"7344","FILEUPLOAD"
"9116","FILEUPLOAD"
"4599","FILEUPLOAD"
"5951","OTHER"
"4296","OTHER"
"6130","WEB"
"8161","OTHER"
"1077","FILEUPLOAD"
"7731","FILEUPLOAD"
"6593","OTHER"
"1372","FILEUPLOAD"
"2447","WEB"
"5841","OTHER"
"3333","OTHER"
"3879","WEB"
"8129","FILEUPLOAD"
"2162","OTHER"
"5146","FILEUPLOAD"
"8043","FILEUPLOAD"
"9483","WEB"
"7872","FILEUPLOAD"
"2152","FILEUPLOAD"
"1888","WEB"
"7711","WEB"
"2831","FILEUPLOAD"
"9012","FILEUPLOAD"
"4079","OTHER"
"1108","OTHER"
"6217","WEB"
"6358","OTHER"
"2338","FILEUPLOAD"
"4789","WEB"
"8809","WEB"
"9722","WEB"
"7910","WEB"
"5996","WEB"
"7608","OTHER"
"7293","OTHER"
"9239","WEB"
"6880","WEB"
"8721","WEB"
"4726","WEB"
"8284","OTHER"
"2970","OTHER"
"4139","OTHER"
"9281","WEB"
"9215","FILEUPLOAD"
"8303","WEB"
"9021","OTHER"
"7115","WEB"
"7925","FILEUPLOAD"
"7894","OTHER"
"2699","OTHER"
"4977","FILEUPLOAD"
"6221","WEB"
"9645","WEB"
"2473","FILEUPLOAD"
"2622","OTHER"
"5658","OTHER"
"7948","OTHER"
"7386","FILEUPLOAD"
"8105","WEB"
"7367","WEB"
"2965","FILEUPLOAD"
"3010","WEB"
"2653","OTHER"
"3891","WEB"
"1889","OTHER"
"3069","OTHER"
"3269","OTHER"
"1962","FILEUPLOAD"
"9144","FILEUPLOAD"
"6509","WEB"
"7208","WEB"
"8869","WEB"
"2487","FILEUPLOAD"
"3591","FILEUPLOAD"
"4246","OTHER"
"1246","WEB"
"8771","FILEUPLOAD"
"2098","WEB"
"3517","FILEUPLOAD"
"9982","WEB"
"5094","WEB"
"6491","FILEUPLOAD"
"1011","OTHER"
"2903","WEB"
"3428","WEB"
"4314","WEB"
"3880","WEB"
"7161","FILEUPLOAD"
"8947","FILEUPLOAD"
"4394","OTHER"
"8577","WEB"
"2526","WEB"
"3450","OTHER"
"2179","WEB"
"3891","OTHER"
"1276","FILEUPLOAD"
"3319","WEB"
"8994","OTHER"
"4462","WEB"
"9450","OTHER"
"5418","WEB"
"1103","FILEUPLOAD"
"1570","OTHER"
"3084","OTHER"
"3070","WEB"
"6703","FILEUPLOAD"
"5131","OTHER"
"1503","FILEUPLOAD"
"6445","WEB"
"9403","WEB"
"1389","OTHER"
"4016","OTHER"
"4982","OTHER"
"7679","OTHER"
"2049","OTHER"
"8414","OTHER"
"9807","FILEUPLOAD"
"6722","WEB"
"1555","OTHER"
"7800","FILEUPLOAD"
"3849","WEB"
"3749","OTHER"
"4069","WEB"
"1897","OTHER"
"4436","FILEUPLOAD"
"2519","OTHER"
"7267","OTHER"
"1807","FILEUPLOAD"
"6781","WEB"
"3439","OTHER"
"4942","FILEUPLOAD"
"2508","WEB"
"5242","WEB"
"3609","OTHER"
"3985","FILEUPLOAD"
"9082","FILEUPLOAD"
"4834","OTHER"
"5030","WEB"
"4680","WEB"
"5558","FILEUPLOAD"
"8438","OTHER"
"8103","FILEUPLOAD"
"8951","OTHER"
"9576","OTHER"
"4844","WEB"
"8767","FILEUPLOAD"
"6468","OTHER"
"9420","OTHER"
"2274","OTHER"
"3637","FILEUPLOAD"
"6305","WEB"
"8730","WEB"
"2310","OTHER"
"7709","FILEUPLOAD"
"6215","FILEUPLOAD"
"2831","WEB"
"8524","OTHER"
"8976","OTHER"
"6345","WEB"
"1698","WEB"
"6995","WEB"
"3440","WEB"
"1192","OTHER"
"2035","FILEUPLOAD"
"6323","OTHER"
"8850","FILEUPLOAD"
"8799","WEB"
"4224","FILEUPLOAD"
"3848","FILEUPLOAD"
"3126","OTHER"
"3323","OTHER"
"5768","FILEUPLOAD"
"4059","WEB"
"8103","WEB"
"9825","FILEUPLOAD"
"9406","WEB"
"3588","OTHER"
"6388","OTHER"
"7751","FILEUPLOAD"
"4524","FILEUPLOAD"
"3713","WEB"
"6334","FILEUPLOAD"
"4249","OTHER"
"8724","OTHER"
"7411","FILEUPLOAD"
"5809","OTHER"
"3460","FILEUPLOAD"
"3796","OTHER"
"9223","WEB"
"9438","FILEUPLOAD"
"4868","OTHER"
"4161","OTHER"
"7319","OTHER"
"5903","FILEUPLOAD"
"9647","OTHER"
"2729","OTHER"
"7971","FILEUPLOAD"
"8090","WEB"
"1591","WEB"
"4988","FILEUPLOAD"
"3345","FILEUPLOAD"
"3473","WEB"
"4396","WEB"
"2690","OTHER"
"7032","WEB"
"7578","WEB"
"7541","WEB"
"9620","OTHER"
"4783","WEB"
"5348","FILEUPLOAD"
"2108","FILEUPLOAD"
"4679","WEB"
"7323","FILEUPLOAD"
"2926","WEB"
"1018","WEB"
"9004","FILEUPLOAD"
"9910","OTHER"
"4442","FILEUPLOAD"
"5534","OTHER"
"4546","WEB"
"6110","OTHER"
"1116","OTHER"
"8888","OTHER"
"9035","FILEUPLOAD"
"5541","FILEUPLOAD"
"6302","OTHER"
"6275","FILEUPLOAD"
"7832","WEB"
"8416","OTHER"
"2395","OTHER"
"2045","OTHER"
"3542","OTHER"
"8493","FILEUPLOAD"
"9933","FILEUPLOAD"
"5860","OTHER"
"4303","WEB"
"8573","OTHER"
"2435","WEB"
"8966","OTHER"
"4981","FILEUPLOAD"
"6806","OTHER"
"3678","FILEUPLOAD"
"4188","OTHER"
"8987","WEB"
"8661","OTHER"
"1727","FILEUPLOAD"
"4741","WEB"
"6085","FILEUPLOAD"
"8309","FILEUPLOAD"
"9122","OTHER"
"1039","OTHER"
"9407","FILEUPLOAD"
"8071","FILEUPLOAD"
"3902","WEB"
"9002","FILEUPLOAD"
"1153","FILEUPLOAD"
"4343","OTHER"
"5897","WEB"
"2682","WEB"
"3377","WEB"
"1182","WEB"
"4170","WEB"
"5096","OTHER"
"6315","OTHER"
"3467","FILEUPLOAD"
"9724","FILEUPLOAD"
"7491","FILEUPLOAD"
"7543","FILEUPLOAD"
"2181","OTHER"
"1155","OTHER"
"9544","FILEUPLOAD"
"2166","OTHER"
"4164","OTHER"
"9609","OTHER"
"1842","FILEUPLOAD"
"7237","WEB"
"1762","FILEUPLOAD"
"2668","OTHER"
"8377","OTHER"
"7930","OTHER"
"8179","OTHER"
"5727","OTHER"
"7641","OTHER"
"1653","OTHER"
"4351","WEB"
"4997","FILEUPLOAD"
"6195","FILEUPLOAD"
"3595","WEB"
"9555","WEB"
"2401","FILEUPLOAD"
"6281","OTHER"
"6477","OTHER"
"3800","FILEUPLOAD"
"2415","OTHER"
"3349","FILEUPLOAD"
"4304","WEB"
"2648","FILEUPLOAD"
"4290","WEB"
"8274","WEB"
"1207","WEB"
"7486","OTHER"
"3579","OTHER"
"8995","FILEUPLOAD"
"9031","OTHER"
"8681","WEB"
"8276","WEB"
"7600","OTHER"
"7655","WEB"
"7150","OTHER"
"9514","FILEUPLOAD"
"9992","OTHER"
"3955","OTHER"
"6371","WEB"
"4965","OTHER"
"8859","OTHER"
"1043","FILEUPLOAD"
"9624","OTHER"
"6057","WEB"
"3574","OTHER"
"2126","WEB"
"4655","OTHER"
"7795","WEB"
"7532","OTHER"
"5234","WEB"
"5156","OTHER"
"4501","OTHER"
"9699","FILEUPLOAD"
"7334","OTHER"
"9218","FILEUPLOAD"
"2146","OTHER"
"9707","FILEUPLOAD"
"4242","WEB"
"7684","OTHER"
"4939","OTHER"
"7792","OTHER"
"4500","OTHER"
"3029","FILEUPLOAD"
"9459","WEB"
"2530","OTHER"
"2712","FILEUPLOAD"
"1575","OTHER"
"4333","OTHER"
"8858","OTHER"
"4337","FILEUPLOAD"
"6836","FILEUPLOAD"
"4147","WEB"
"9606","WEB"
"9162","FILEUPLOAD"
"9068","WEB"
"4732","OTHER"
"2141","FILEUPLOAD"
"2937","OTHER"
"8902","OTHER"
"7424","OTHER"
"6197","FILEUPLOAD"
"3352","WEB"
"6205","WEB"
"8259","WEB"
"2943","OTHER"
"4756","OTHER"
"4078","WEB"
"1036","OTHER"
"5398","OTHER"
"8031","WEB"
"1507","WEB"
"7670","WEB"
"5576","OTHER"
"6650","OTHER"
"7926","OTHER"
"7922","OTHER"
"8358","FILEUPLOAD"
"5005","WEB"
"2191","WEB"
"7314","FILEUPLOAD"
"2774","FILEUPLOAD"
"1964","OTHER"
"7353","WEB"
"6863","WEB"
"5291","OTHER"
"7381","FILEUPLOAD"
"2469","FILEUPLOAD"
"3503","WEB"
"8795","WEB"
"5931","WEB"
"7195","OTHER"
"8272","OTHER"
"8774","FILEUPLOAD"
"3421","OTHER"
"2247","OTHER"
"3498","FILEUPLOAD"
"8745","OTHER"
"6934","OTHER"
"2892","FILEUPLOAD"
"2209","OTHER"
"9960","FILEUPLOAD"
"3645","OTHER"
"9553","FILEUPLOAD"
"7045","OTHER"
"8588","OTHER"
"4748","OTHER"
"7231","WEB"
"3152","WEB"
"7623","FILEUPLOAD"
"5452","FILEUPLOAD"
"3704","OTHER"
"8809","FILEUPLOAD"
"8274","FILEUPLOAD"
"5150","OTHER"
"5754","FILEUPLOAD"
"5607","WEB"
"4215","FILEUPLOAD"
"4223","FILEUPLOAD"
"4705","WEB"
"5208","FILEUPLOAD"
"1162","FILEUPLOAD"
"3579","WEB"
"1984","WEB"
"9836","WEB"
"4925","FILEUPLOAD"
"8775","FILEUPLOAD"
"3887","FILEUPLOAD"
"9202","WEB"
"4237","FILEUPLOAD"
"1818","OTHER"
"3525","FILEUPLOAD"
"6416","WEB"
"4929","OTHER"
"4428","OTHER"
"6005","FILEUPLOAD"
"1441","OTHER"
"7969","WEB"
"6725","FILEUPLOAD"
"4817","WEB"
"4356","OTHER"
"4264","OTHER"
"7489","OTHER"
"4777","OTHER"
"5591","WEB"
"3888","FILEUPLOAD"
"2647","FILEUPLOAD"
"2130","WEB"
"7245","FILEUPLOAD"
"5747","FILEUPLOAD"
"2996","OTHER"
"6212","OTHER"
"2521","WEB"
"7214","OTHER"
"9518","OTHER"
"6467","WEB"
"8361","WEB"
"1575","WEB"
"3310","FILEUPLOAD"
"2193","WEB"
"1192","FILEUPLOAD"
"7978","OTHER"
"1896","FILEUPLOAD"
"5239","OTHER"
"1844","WEB"
"9878","FILEUPLOAD"
"6447","FILEUPLOAD"
"2885","OTHER"
"3476","WEB"
"9232","OTHER"
"6123","FILEUPLOAD"
"3012","WEB"
"9931","WEB"
"5579","OTHER"
"7158","OTHER"
"3956","WEB"
"6796","OTHER"
"4787","WEB"
"8437","FILEUPLOAD"
"1917","WEB"
"1745","WEB"
"6470","OTHER"
"4217","OTHER"
"5191","FILEUPLOAD"
"2728","FILEUPLOAD"
"8706","FILEUPLOAD"
"2112","WEB"
"9867","FILEUPLOAD"
"3340","WEB"
"8928","WEB"
"3088","FILEUPLOAD"
"1280","FILEUPLOAD"
"5566","OTHER"
"6320","FILEUPLOAD"
"3952","OTHER"
"5092","FILEUPLOAD"
"2524","FILEUPLOAD"
"5059","OTHER"
"7078","FILEUPLOAD"
"5683","OTHER"
"6469","WEB"
"3031","FILEUPLOAD"
"1179","WEB"
"9849","WEB"
"6775","OTHER"
"5692","FILEUPLOAD"
"4287","WEB"
"1979","OTHER"
"3050","OTHER"
"5021","WEB"
"1443","FILEUPLOAD"
"2849","OTHER"
"9358","WEB"
"9531","FILEUPLOAD"
"8108","WEB"
"9992","WEB"
"5123","WEB"
"1283","WEB"
"8607","FILEUPLOAD"
"1021","FILEUPLOAD"
"2778","WEB"
"9702","FILEUPLOAD"
"1249","OTHER"
"6992","WEB"
"2640","WEB"
"4491","OTHER"
"9451","OTHER"
"4504","FILEUPLOAD"
"1857","FILEUPLOAD"
"4803","FILEUPLOAD"
"3254","WEB"
"2486","OTHER"
"1541","OTHER"
"1482","FILEUPLOAD"
"1722","FILEUPLOAD"
"4309","FILEUPLOAD"
"5770","OTHER"
"2355","WEB"
"1231","FILEUPLOAD"
"4453","FILEUPLOAD"
"8546","FILEUPLOAD"
"7365","FILEUPLOAD"
"2669","WEB"
"7612","FILEUPLOAD"
"2772","OTHER"
"5665","WEB"
"5624","FILEUPLOAD"
"4308","FILEUPLOAD"
"1285","WEB"
"1559","WEB"
"9615","FILEUPLOAD"
"1941","FILEUPLOAD"
"1619","FILEUPLOAD"
"2262","OTHER"
"2353","OTHER"
"2709","FILEUPLOAD"
"5258","FILEUPLOAD"
"7553","WEB"
"9067","FILEUPLOAD"
"4784","FILEUPLOAD"
"9685","OTHER"
"7335","OTHER"
"3797","FILEUPLOAD"
"3282","WEB"
"9083","FILEUPLOAD"
"2284","OTHER"
"7565","FILEUPLOAD"
"1249","FILEUPLOAD"
"6741","OTHER"
"4239","OTHER"
"8370","OTHER"
"9878","OTHER"
"2087","OTHER"
"4381","WEB"
"2430","WEB"
"5930","OTHER"
"7090","WEB"
"8582","WEB"
